report_id,reported_user_id,session_id,reason,timestamp
729bc90d-fd1a-48f4-b8d1-f32aff8057ce,a53eed3b-2c96-4288-8574-967fe59ed065,c907f32b-f8f6-4912-919c-a7fde4465f63,Harassment/Griefing,2026-01-07 19:26:10.724980
da529df0-1847-4d46-821f-0a75b8cc7ba5,a53eed3b-2c96-4288-8574-967fe59ed065,c907f32b-f8f6-4912-919c-a7fde4465f63,Harassment/Griefing,2026-01-07 19:27:02.724980
9bd95ad3-2a67-4153-92a6-99d16f9faa22,a53eed3b-2c96-4288-8574-967fe59ed065,c907f32b-f8f6-4912-919c-a7fde4465f63,Harassment/Griefing,2026-01-07 19:28:54.724980
84f8a2c5-7dd7-4ac7-a370-f6f94da1522f,a53eed3b-2c96-4288-8574-967fe59ed065,c907f32b-f8f6-4912-919c-a7fde4465f63,Harassment/Griefing,2026-01-07 19:31:18.724980
0bdff29a-660a-4f16-9fe8-f40c41466c35,a53eed3b-2c96-4288-8574-967fe59ed065,c907f32b-f8f6-4912-919c-a7fde4465f63,Harassment/Griefing,2026-01-07 19:32:26.724980
89fea203-fe94-4581-a005-ca9f857a2a94,a53eed3b-2c96-4288-8574-967fe59ed065,c907f32b-f8f6-4912-919c-a7fde4465f63,Harassment/Griefing,2026-01-07 19:35:51.724980
430dbcc3-fc7d-4703-a88d-24a9702cd673,a53eed3b-2c96-4288-8574-967fe59ed065,c907f32b-f8f6-4912-919c-a7fde4465f63,Harassment/Griefing,2026-01-07 19:36:21.724980
f83449a7-189a-416a-abde-dea0e6a3f159,a53eed3b-2c96-4288-8574-967fe59ed065,c907f32b-f8f6-4912-919c-a7fde4465f63,Harassment/Griefing,2026-01-07 19:39:09.724980
de2ffcf5-33f4-40ae-831c-5729c06989dc,a53eed3b-2c96-4288-8574-967fe59ed065,c907f32b-f8f6-4912-919c-a7fde4465f63,Harassment/Griefing,2026-01-07 19:40:03.724980
c6643d56-59c9-4b67-85a4-783cb7b82d34,a53eed3b-2c96-4288-8574-967fe59ed065,c907f32b-f8f6-4912-919c-a7fde4465f63,Harassment/Griefing,2026-01-07 19:41:47.724980
3c5d0e24-332e-4316-a3e4-0a3ffda0e1ab,a53eed3b-2c96-4288-8574-967fe59ed065,c907f32b-f8f6-4912-919c-a7fde4465f63,Harassment/Griefing,2026-01-07 19:43:38.724980
ee1f3862-caa6-4495-9f72-ddb4f9ce5dc2,a53eed3b-2c96-4288-8574-967fe59ed065,c907f32b-f8f6-4912-919c-a7fde4465f63,Harassment/Griefing,2026-01-07 19:44:27.724980
ca4b7cb9-88a1-482c-9afb-d9e670ebe1dd,6687291f-004c-4243-8e3b-9fc7f1ee9629,bb0e6590-5361-49f4-a50f-90b6103837d0,Harassment/Griefing,2026-01-08 05:31:10.724980
0173ea31-dd55-4845-8ef5-c8611fc5e8c8,6687291f-004c-4243-8e3b-9fc7f1ee9629,bb0e6590-5361-49f4-a50f-90b6103837d0,Harassment/Griefing,2026-01-08 05:34:06.724980
562d0ae7-137c-4799-a2ce-745fe24a3a82,6687291f-004c-4243-8e3b-9fc7f1ee9629,bb0e6590-5361-49f4-a50f-90b6103837d0,Harassment/Griefing,2026-01-08 05:34:00.724980
f94c7813-616c-4918-afcb-571c41a522c0,6687291f-004c-4243-8e3b-9fc7f1ee9629,bb0e6590-5361-49f4-a50f-90b6103837d0,Harassment/Griefing,2026-01-08 05:36:45.724980
12e062cc-ca61-4a09-ad47-791846528f5d,6687291f-004c-4243-8e3b-9fc7f1ee9629,bb0e6590-5361-49f4-a50f-90b6103837d0,Harassment/Griefing,2026-01-08 05:37:31.724980
55b2e38a-5393-40af-94ba-0a217c3bba13,6687291f-004c-4243-8e3b-9fc7f1ee9629,bb0e6590-5361-49f4-a50f-90b6103837d0,Harassment/Griefing,2026-01-08 05:41:52.724980
cd475afe-7b93-43b0-a20d-6aaf52d33e2c,6687291f-004c-4243-8e3b-9fc7f1ee9629,bb0e6590-5361-49f4-a50f-90b6103837d0,Harassment/Griefing,2026-01-08 05:42:21.724980
e3338843-814c-4660-b23d-83a2b480226f,6687291f-004c-4243-8e3b-9fc7f1ee9629,bb0e6590-5361-49f4-a50f-90b6103837d0,Harassment/Griefing,2026-01-08 05:42:21.724980
e602273e-e6ce-4e5f-be46-b7edcff3b491,6687291f-004c-4243-8e3b-9fc7f1ee9629,bb0e6590-5361-49f4-a50f-90b6103837d0,Harassment/Griefing,2026-01-08 05:42:34.724980
e6139c3b-7454-415f-861d-097b6c43cf41,1b2cafb3-fb28-46d7-bea2-f9e649541380,d6ba6cc8-85bc-422c-968c-3f98a869cd9b,Harassment/Griefing,2026-01-08 07:58:47.724980
fe63fe99-6d52-47e9-8ee3-e7b20226bc29,1b2cafb3-fb28-46d7-bea2-f9e649541380,d6ba6cc8-85bc-422c-968c-3f98a869cd9b,Harassment/Griefing,2026-01-08 07:59:50.724980
e9537e86-3c7b-4003-898a-2cd2103abdcd,1b2cafb3-fb28-46d7-bea2-f9e649541380,d6ba6cc8-85bc-422c-968c-3f98a869cd9b,Harassment/Griefing,2026-01-08 07:59:47.724980
8043167f-d21d-4648-b15a-86ee6233e78a,1b2cafb3-fb28-46d7-bea2-f9e649541380,d6ba6cc8-85bc-422c-968c-3f98a869cd9b,Harassment/Griefing,2026-01-08 08:00:52.724980
40f4bd23-0b46-406a-a583-a4cdcf84a2f1,1b2cafb3-fb28-46d7-bea2-f9e649541380,d6ba6cc8-85bc-422c-968c-3f98a869cd9b,Harassment/Griefing,2026-01-08 08:01:38.724980
70a3219d-0c1a-4c9b-95f1-1f29bdcd5197,1b2cafb3-fb28-46d7-bea2-f9e649541380,d6ba6cc8-85bc-422c-968c-3f98a869cd9b,Harassment/Griefing,2026-01-08 08:02:06.724980
95551b6d-f7da-4ac0-8243-0cf72b4798bd,1b2cafb3-fb28-46d7-bea2-f9e649541380,d6ba6cc8-85bc-422c-968c-3f98a869cd9b,Harassment/Griefing,2026-01-08 08:03:31.724980
0df4f184-bad0-4d5a-89c5-b754fa653669,1b2cafb3-fb28-46d7-bea2-f9e649541380,d6ba6cc8-85bc-422c-968c-3f98a869cd9b,Harassment/Griefing,2026-01-08 08:05:38.724980
0455d4db-b512-4d78-ad71-07eee515b7ab,1b2cafb3-fb28-46d7-bea2-f9e649541380,d6ba6cc8-85bc-422c-968c-3f98a869cd9b,Harassment/Griefing,2026-01-08 08:08:41.724980
0d2d396c-70cb-4f38-a9c7-1a310ce21741,1b2cafb3-fb28-46d7-bea2-f9e649541380,d6ba6cc8-85bc-422c-968c-3f98a869cd9b,Harassment/Griefing,2026-01-08 08:09:41.724980
acb48390-ea5e-49a9-b309-2e73024d58bc,1b2cafb3-fb28-46d7-bea2-f9e649541380,d6ba6cc8-85bc-422c-968c-3f98a869cd9b,Harassment/Griefing,2026-01-08 08:09:42.724980
e36290bb-8e3e-47ad-9f1a-1d05f6e3a21d,1b2cafb3-fb28-46d7-bea2-f9e649541380,d6ba6cc8-85bc-422c-968c-3f98a869cd9b,Harassment/Griefing,2026-01-08 08:12:25.724980
63683dbe-a4ae-44e6-9c9f-69e4f3aa4eb6,1b2cafb3-fb28-46d7-bea2-f9e649541380,d6ba6cc8-85bc-422c-968c-3f98a869cd9b,Harassment/Griefing,2026-01-08 08:12:48.724980
52749fa7-c33f-4c4b-a608-d9293c70401e,1b2cafb3-fb28-46d7-bea2-f9e649541380,d6ba6cc8-85bc-422c-968c-3f98a869cd9b,Harassment/Griefing,2026-01-08 08:12:53.724980
27ccf676-0d9f-4207-b95e-2b64fb992bae,1b2cafb3-fb28-46d7-bea2-f9e649541380,d6ba6cc8-85bc-422c-968c-3f98a869cd9b,Harassment/Griefing,2026-01-08 08:13:10.724980
43d8df56-e166-4fae-a5d2-647db539ccf7,1b2cafb3-fb28-46d7-bea2-f9e649541380,d6ba6cc8-85bc-422c-968c-3f98a869cd9b,Harassment/Griefing,2026-01-08 08:15:24.724980
f6557c1d-44dc-443a-9920-27c94e5e3e08,1b2cafb3-fb28-46d7-bea2-f9e649541380,d6ba6cc8-85bc-422c-968c-3f98a869cd9b,Harassment/Griefing,2026-01-08 08:19:17.724980
51c7b8b0-da5e-4e8f-8b2e-98871d59caf4,1b2cafb3-fb28-46d7-bea2-f9e649541380,d6ba6cc8-85bc-422c-968c-3f98a869cd9b,Harassment/Griefing,2026-01-08 08:19:50.724980
109ea7a1-43f1-4063-beff-780d9c33f18f,d34e995e-b783-42de-9522-c1ed9950f829,8a4b4ffe-5cec-470a-a210-c2f431b5711f,Harassment/Griefing,2026-01-07 22:44:14.724980
a4bd198f-9e85-4584-8e0d-f46c5182260e,d34e995e-b783-42de-9522-c1ed9950f829,8a4b4ffe-5cec-470a-a210-c2f431b5711f,Harassment/Griefing,2026-01-07 22:45:02.724980
4a16855f-9f3a-4595-8323-3f0bdbf288bc,7615bbfe-c5b2-4900-a406-c985ae211cf2,f50997dc-fcba-4806-8fac-d383657e9344,Harassment/Griefing,2026-01-07 22:27:36.724980
1cb58d74-1c2b-45c9-a9c3-97189f5c7b58,7615bbfe-c5b2-4900-a406-c985ae211cf2,f50997dc-fcba-4806-8fac-d383657e9344,Harassment/Griefing,2026-01-07 22:28:26.724980
6fe1d057-31d9-4d1b-b1d6-28cf3cf83f38,7615bbfe-c5b2-4900-a406-c985ae211cf2,f50997dc-fcba-4806-8fac-d383657e9344,Harassment/Griefing,2026-01-07 22:28:28.724980
a546b823-3544-4b1d-8f4c-a0d5e028cb5a,7615bbfe-c5b2-4900-a406-c985ae211cf2,f50997dc-fcba-4806-8fac-d383657e9344,Harassment/Griefing,2026-01-07 22:28:13.724980
9f502076-72b5-4191-b349-7b8663252b81,7615bbfe-c5b2-4900-a406-c985ae211cf2,f50997dc-fcba-4806-8fac-d383657e9344,Harassment/Griefing,2026-01-07 22:29:05.724980
7f1ede25-5648-41f5-8977-10544ea7bf66,7615bbfe-c5b2-4900-a406-c985ae211cf2,f50997dc-fcba-4806-8fac-d383657e9344,Harassment/Griefing,2026-01-07 22:32:43.724980
8818b2e4-e609-4ec3-bd7d-0b9bd88ac0c4,7615bbfe-c5b2-4900-a406-c985ae211cf2,f50997dc-fcba-4806-8fac-d383657e9344,Harassment/Griefing,2026-01-07 22:33:10.724980
699ff284-221b-4c69-a1a9-820035ec6274,7615bbfe-c5b2-4900-a406-c985ae211cf2,f50997dc-fcba-4806-8fac-d383657e9344,Harassment/Griefing,2026-01-07 22:32:46.724980
2bc2adbb-0f8e-4247-a873-83637380788b,7615bbfe-c5b2-4900-a406-c985ae211cf2,f50997dc-fcba-4806-8fac-d383657e9344,Harassment/Griefing,2026-01-07 22:35:55.724980
af265b32-4f1c-400d-b7cf-7fed23a4ade4,7615bbfe-c5b2-4900-a406-c985ae211cf2,f50997dc-fcba-4806-8fac-d383657e9344,Harassment/Griefing,2026-01-07 22:35:56.724980
499cb939-227b-456b-a205-f26d588d9147,7615bbfe-c5b2-4900-a406-c985ae211cf2,f50997dc-fcba-4806-8fac-d383657e9344,Harassment/Griefing,2026-01-07 22:40:34.724980
ba2a62a5-9231-4370-b2d8-cbfca3fe5465,7615bbfe-c5b2-4900-a406-c985ae211cf2,f50997dc-fcba-4806-8fac-d383657e9344,Harassment/Griefing,2026-01-07 22:41:05.724980
2f8ec224-8cbf-4e6d-b7d1-e8dc29484f3f,7615bbfe-c5b2-4900-a406-c985ae211cf2,f50997dc-fcba-4806-8fac-d383657e9344,Harassment/Griefing,2026-01-07 22:41:12.724980
32eaf31d-c9cc-4d39-b90a-908b1b219411,7615bbfe-c5b2-4900-a406-c985ae211cf2,f50997dc-fcba-4806-8fac-d383657e9344,Harassment/Griefing,2026-01-07 22:42:33.724980
749d7ace-cc27-4508-8b2c-368c77a2867f,eea34b5e-cd8e-4c05-80b2-141372d57575,c268c752-b3f9-4a03-9f4b-523ebe5e274b,Harassment/Griefing,2026-01-07 21:40:06.724980
ec88deaf-0d86-4341-bde6-ebc279779c4e,eea34b5e-cd8e-4c05-80b2-141372d57575,c268c752-b3f9-4a03-9f4b-523ebe5e274b,Harassment/Griefing,2026-01-07 21:41:40.724980
bd5d57f0-0455-48ed-823d-a445b9c72bcb,f32e8b3f-e06f-4e2b-9b50-2cc763bf5d5d,a2ef1bd3-ea6f-467e-b0dd-354f1bae6e3b,Harassment/Griefing,2026-01-07 20:05:14.724980
42e8eca8-abb5-4ded-a497-c7aff1afe574,f32e8b3f-e06f-4e2b-9b50-2cc763bf5d5d,a2ef1bd3-ea6f-467e-b0dd-354f1bae6e3b,Harassment/Griefing,2026-01-07 20:06:16.724980
e6bdcb5a-ab05-4f2b-89d4-da91f6c569f2,f32e8b3f-e06f-4e2b-9b50-2cc763bf5d5d,a2ef1bd3-ea6f-467e-b0dd-354f1bae6e3b,Harassment/Griefing,2026-01-07 20:06:22.724980
9c29480b-ba38-4004-8752-7aedf1755297,f32e8b3f-e06f-4e2b-9b50-2cc763bf5d5d,a2ef1bd3-ea6f-467e-b0dd-354f1bae6e3b,Harassment/Griefing,2026-01-07 20:07:15.724980
6de53261-8a90-4267-8393-6374cef8fdc4,f32e8b3f-e06f-4e2b-9b50-2cc763bf5d5d,a2ef1bd3-ea6f-467e-b0dd-354f1bae6e3b,Harassment/Griefing,2026-01-07 20:11:25.724980
804c2b55-18ee-49e6-a6f3-f9299aa10bc1,f32e8b3f-e06f-4e2b-9b50-2cc763bf5d5d,a2ef1bd3-ea6f-467e-b0dd-354f1bae6e3b,Harassment/Griefing,2026-01-07 20:11:50.724980
41ca579a-e460-47a7-84bd-7b3a2a8af19e,f32e8b3f-e06f-4e2b-9b50-2cc763bf5d5d,a2ef1bd3-ea6f-467e-b0dd-354f1bae6e3b,Harassment/Griefing,2026-01-07 20:13:20.724980
c2930a40-9277-4846-84e8-7a29bc1a188c,f32e8b3f-e06f-4e2b-9b50-2cc763bf5d5d,a2ef1bd3-ea6f-467e-b0dd-354f1bae6e3b,Harassment/Griefing,2026-01-07 20:14:39.724980
7e804d7d-27f7-48ff-b7e0-54453027036f,f32e8b3f-e06f-4e2b-9b50-2cc763bf5d5d,a2ef1bd3-ea6f-467e-b0dd-354f1bae6e3b,Harassment/Griefing,2026-01-07 20:14:19.724980
05f097c9-331d-4920-8ac3-7d0daf27a61e,f32e8b3f-e06f-4e2b-9b50-2cc763bf5d5d,a2ef1bd3-ea6f-467e-b0dd-354f1bae6e3b,Harassment/Griefing,2026-01-07 20:17:27.724980
f18de5a8-7a18-445b-9a1e-710d198c1611,f32e8b3f-e06f-4e2b-9b50-2cc763bf5d5d,a2ef1bd3-ea6f-467e-b0dd-354f1bae6e3b,Harassment/Griefing,2026-01-07 20:18:05.724980
931fc036-df92-4d25-b7dc-ee115b1bb6f7,f32e8b3f-e06f-4e2b-9b50-2cc763bf5d5d,a2ef1bd3-ea6f-467e-b0dd-354f1bae6e3b,Harassment/Griefing,2026-01-07 20:19:18.724980
87bdabba-1018-4b9d-9d7f-8da15b834a07,4bd39602-bb75-4cf3-9a47-ff6c97e72f3f,6f47f6d4-c499-4603-8eec-9e66fda02486,Harassment/Griefing,2026-01-07 17:49:41.724980
cbfb3a13-b4e9-45e0-a963-deb6430033d9,4bd39602-bb75-4cf3-9a47-ff6c97e72f3f,6f47f6d4-c499-4603-8eec-9e66fda02486,Harassment/Griefing,2026-01-07 17:50:16.724980
e2ec15ca-9e46-4952-a3f0-39e35929de40,4bd39602-bb75-4cf3-9a47-ff6c97e72f3f,6f47f6d4-c499-4603-8eec-9e66fda02486,Harassment/Griefing,2026-01-07 17:50:14.724980
42f3e2b3-1d0c-42fe-96c3-e30c64741495,4bd39602-bb75-4cf3-9a47-ff6c97e72f3f,6f47f6d4-c499-4603-8eec-9e66fda02486,Harassment/Griefing,2026-01-07 18:00:32.724980
fdec5294-2cb6-4b93-a3b1-1fc1c894e6f9,4bd39602-bb75-4cf3-9a47-ff6c97e72f3f,6f47f6d4-c499-4603-8eec-9e66fda02486,Harassment/Griefing,2026-01-07 18:02:34.724980
6f43bea5-93e4-4dda-9029-80b5574b2945,4bd39602-bb75-4cf3-9a47-ff6c97e72f3f,6f47f6d4-c499-4603-8eec-9e66fda02486,Harassment/Griefing,2026-01-07 18:03:44.724980
98847962-08f6-413d-a4aa-b95666ec63c9,4bd39602-bb75-4cf3-9a47-ff6c97e72f3f,6f47f6d4-c499-4603-8eec-9e66fda02486,Harassment/Griefing,2026-01-07 18:05:13.724980
dbe5445a-0b75-450b-9d90-7d27c2d2ff82,63699135-40d1-45aa-b8d2-8dc13087ba66,96a654b5-c84e-420c-a3c3-55de91946bb6,Harassment/Griefing,2026-01-07 20:57:02.724980
0bbb150a-4ae6-482f-808c-de1a8704412a,63699135-40d1-45aa-b8d2-8dc13087ba66,96a654b5-c84e-420c-a3c3-55de91946bb6,Harassment/Griefing,2026-01-07 21:00:26.724980
ecc50c1a-83a3-46ac-8468-db5cf2099d46,63699135-40d1-45aa-b8d2-8dc13087ba66,96a654b5-c84e-420c-a3c3-55de91946bb6,Harassment/Griefing,2026-01-07 21:01:15.724980
b8f360b6-e9cd-4474-b247-599a5c94c7a0,63699135-40d1-45aa-b8d2-8dc13087ba66,96a654b5-c84e-420c-a3c3-55de91946bb6,Harassment/Griefing,2026-01-07 21:01:39.724980
59754b22-b6b4-4f8a-9b9a-bb0f214af9e1,63699135-40d1-45aa-b8d2-8dc13087ba66,96a654b5-c84e-420c-a3c3-55de91946bb6,Harassment/Griefing,2026-01-07 21:03:52.724980
6e9c755a-dc85-4230-a07d-5112d0b5c233,63699135-40d1-45aa-b8d2-8dc13087ba66,96a654b5-c84e-420c-a3c3-55de91946bb6,Harassment/Griefing,2026-01-07 21:06:17.724980
ec658dcf-ca1e-4c6c-b8ae-59fbe22dc02d,63699135-40d1-45aa-b8d2-8dc13087ba66,96a654b5-c84e-420c-a3c3-55de91946bb6,Harassment/Griefing,2026-01-07 21:06:47.724980
b9b98ea3-bb46-4bf2-8c5e-54a93d881540,63699135-40d1-45aa-b8d2-8dc13087ba66,96a654b5-c84e-420c-a3c3-55de91946bb6,Harassment/Griefing,2026-01-07 21:07:09.724980
0e2b0706-9243-4ee5-87a9-7fedc9dcfe28,63699135-40d1-45aa-b8d2-8dc13087ba66,96a654b5-c84e-420c-a3c3-55de91946bb6,Harassment/Griefing,2026-01-07 21:07:12.724980
4fecd51d-0e42-41e6-948f-98848aa682db,63699135-40d1-45aa-b8d2-8dc13087ba66,96a654b5-c84e-420c-a3c3-55de91946bb6,Harassment/Griefing,2026-01-07 21:08:55.724980
3da1c82d-47df-4720-a396-fb7c97a95dcb,63699135-40d1-45aa-b8d2-8dc13087ba66,96a654b5-c84e-420c-a3c3-55de91946bb6,Harassment/Griefing,2026-01-07 21:09:55.724980
4cc26b33-f6af-47fd-a456-359c72a23b64,63699135-40d1-45aa-b8d2-8dc13087ba66,96a654b5-c84e-420c-a3c3-55de91946bb6,Harassment/Griefing,2026-01-07 21:09:44.724980
44ae0f96-c8bf-4c03-8ef4-63c63e7c40d7,941dc368-4375-484f-838c-cdae5decbb3e,40b666ba-af1f-4453-9b47-5aaeed718588,Harassment/Griefing,2026-01-08 06:31:03.724980
64b68716-9bfa-4b63-9423-bcfa0e5b6b37,941dc368-4375-484f-838c-cdae5decbb3e,40b666ba-af1f-4453-9b47-5aaeed718588,Harassment/Griefing,2026-01-08 06:32:41.724980
a6356e85-35d1-437c-9b7e-ddb14b277572,941dc368-4375-484f-838c-cdae5decbb3e,40b666ba-af1f-4453-9b47-5aaeed718588,Harassment/Griefing,2026-01-08 06:33:29.724980
80531b96-d5c0-4010-8a9c-d0d9d4778838,941dc368-4375-484f-838c-cdae5decbb3e,40b666ba-af1f-4453-9b47-5aaeed718588,Harassment/Griefing,2026-01-08 06:33:19.724980
9c52b9d2-24d9-4d00-aa20-2458be8af707,941dc368-4375-484f-838c-cdae5decbb3e,40b666ba-af1f-4453-9b47-5aaeed718588,Harassment/Griefing,2026-01-08 06:34:03.724980
8b7475c0-8000-456d-bc86-6fd9f08b4ca9,941dc368-4375-484f-838c-cdae5decbb3e,40b666ba-af1f-4453-9b47-5aaeed718588,Harassment/Griefing,2026-01-08 06:35:06.724980
c218b8fa-027b-4a30-bbd4-9117a2eed5ce,941dc368-4375-484f-838c-cdae5decbb3e,40b666ba-af1f-4453-9b47-5aaeed718588,Harassment/Griefing,2026-01-08 06:35:36.724980
9b244878-7872-46c4-8eb9-5d6a2bec065b,941dc368-4375-484f-838c-cdae5decbb3e,40b666ba-af1f-4453-9b47-5aaeed718588,Harassment/Griefing,2026-01-08 06:36:20.724980
4bdfdb26-701f-4cfa-9492-e54df9c2d1b3,941dc368-4375-484f-838c-cdae5decbb3e,40b666ba-af1f-4453-9b47-5aaeed718588,Harassment/Griefing,2026-01-08 06:36:41.724980
b52dfbc4-68fc-498d-8b5c-3a9ff427404a,941dc368-4375-484f-838c-cdae5decbb3e,40b666ba-af1f-4453-9b47-5aaeed718588,Harassment/Griefing,2026-01-08 06:39:39.724980
bf02a317-2388-4622-b24b-a25a52378046,941dc368-4375-484f-838c-cdae5decbb3e,40b666ba-af1f-4453-9b47-5aaeed718588,Harassment/Griefing,2026-01-08 06:41:03.724980
63a4d70f-9212-4db8-a6ee-d29d02c50540,941dc368-4375-484f-838c-cdae5decbb3e,40b666ba-af1f-4453-9b47-5aaeed718588,Harassment/Griefing,2026-01-08 06:41:47.724980
e54d1f6a-e721-4104-b5ec-d7fa7ff4d06b,941dc368-4375-484f-838c-cdae5decbb3e,40b666ba-af1f-4453-9b47-5aaeed718588,Harassment/Griefing,2026-01-08 06:46:09.724980
cc9760e9-8350-4760-8169-61daf92aedfa,941dc368-4375-484f-838c-cdae5decbb3e,40b666ba-af1f-4453-9b47-5aaeed718588,Harassment/Griefing,2026-01-08 06:46:22.724980
bf301959-70b8-4186-ad12-20eb5696a44b,941dc368-4375-484f-838c-cdae5decbb3e,40b666ba-af1f-4453-9b47-5aaeed718588,Harassment/Griefing,2026-01-08 06:48:14.724980
42db1c8c-bf5d-47bb-8aff-6f7e62587b87,58824fd1-b9ca-4cc1-af58-98656603b94f,5e87eca7-e9b1-45e0-9c9d-df6279495fc9,Harassment/Griefing,2026-01-08 06:42:28.724980
1b8eff9b-e43d-4ace-a5dd-8f72b4e3f671,58824fd1-b9ca-4cc1-af58-98656603b94f,5e87eca7-e9b1-45e0-9c9d-df6279495fc9,Harassment/Griefing,2026-01-08 06:43:09.724980
6c6afc45-c9f3-4114-bfa0-2cdd2155e515,58824fd1-b9ca-4cc1-af58-98656603b94f,5e87eca7-e9b1-45e0-9c9d-df6279495fc9,Harassment/Griefing,2026-01-08 06:46:11.724980
0ace1061-dbce-479e-b62d-008805c2d9ab,58824fd1-b9ca-4cc1-af58-98656603b94f,5e87eca7-e9b1-45e0-9c9d-df6279495fc9,Harassment/Griefing,2026-01-08 06:49:50.724980
b2be448d-6f58-4ca0-bf24-7e90f6c694b5,58824fd1-b9ca-4cc1-af58-98656603b94f,5e87eca7-e9b1-45e0-9c9d-df6279495fc9,Harassment/Griefing,2026-01-08 06:50:25.724980
1eaf67f1-bb7d-44d5-b3fb-f18081ecb924,58824fd1-b9ca-4cc1-af58-98656603b94f,5e87eca7-e9b1-45e0-9c9d-df6279495fc9,Harassment/Griefing,2026-01-08 06:51:28.724980
e0ccfb09-d244-400b-b0af-9470cfb3e683,58824fd1-b9ca-4cc1-af58-98656603b94f,5e87eca7-e9b1-45e0-9c9d-df6279495fc9,Harassment/Griefing,2026-01-08 06:52:25.724980
c2c1b7ba-9827-441a-835f-2987eca41671,f7fb6e1f-31be-40ec-9e4e-d25622a1f275,31e9d14f-0193-4963-9903-b4b23f5d4ddd,Harassment/Griefing,2026-01-08 06:54:29.724980
70cd1e6a-6df2-4096-8ad2-663b9551bddf,f7fb6e1f-31be-40ec-9e4e-d25622a1f275,31e9d14f-0193-4963-9903-b4b23f5d4ddd,Harassment/Griefing,2026-01-08 06:54:47.724980
e499dbeb-0ddd-4fa4-914b-6f8a39749c96,f7fb6e1f-31be-40ec-9e4e-d25622a1f275,31e9d14f-0193-4963-9903-b4b23f5d4ddd,Harassment/Griefing,2026-01-08 06:55:02.724980
971b8c1c-263e-467d-8a3e-2baf01fe3909,f7fb6e1f-31be-40ec-9e4e-d25622a1f275,31e9d14f-0193-4963-9903-b4b23f5d4ddd,Harassment/Griefing,2026-01-08 06:55:50.724980
3890ebf1-2b8b-4f1f-8fb7-d09b410d601f,f7fb6e1f-31be-40ec-9e4e-d25622a1f275,31e9d14f-0193-4963-9903-b4b23f5d4ddd,Harassment/Griefing,2026-01-08 06:57:12.724980
95833b44-75b2-47b0-9ed9-9af97c81edcb,f7fb6e1f-31be-40ec-9e4e-d25622a1f275,31e9d14f-0193-4963-9903-b4b23f5d4ddd,Harassment/Griefing,2026-01-08 06:57:46.724980
8438fd23-5c58-44fa-8167-b92659962cac,f7fb6e1f-31be-40ec-9e4e-d25622a1f275,31e9d14f-0193-4963-9903-b4b23f5d4ddd,Harassment/Griefing,2026-01-08 06:59:09.724980
f3936e2e-4c58-4a61-9feb-22e13e1abe88,f7fb6e1f-31be-40ec-9e4e-d25622a1f275,31e9d14f-0193-4963-9903-b4b23f5d4ddd,Harassment/Griefing,2026-01-08 07:00:45.724980
8628bff7-38f8-4646-8046-cce5b2e5ed75,f7fb6e1f-31be-40ec-9e4e-d25622a1f275,31e9d14f-0193-4963-9903-b4b23f5d4ddd,Harassment/Griefing,2026-01-08 07:03:10.724980
04781475-0c6c-4dd2-9fbb-0accb14d6bc8,331c054c-ceb6-4837-8e05-e86e1bf8a796,1334cf5c-8e7f-4ed3-9711-5972566665bc,Harassment/Griefing,2026-01-08 08:44:42.724980
df46c0dc-4e99-4c88-a710-b93adaa9691e,331c054c-ceb6-4837-8e05-e86e1bf8a796,1334cf5c-8e7f-4ed3-9711-5972566665bc,Harassment/Griefing,2026-01-08 08:44:50.724980
8e6daeca-3396-47a7-8def-3ecb495525cd,331c054c-ceb6-4837-8e05-e86e1bf8a796,1334cf5c-8e7f-4ed3-9711-5972566665bc,Harassment/Griefing,2026-01-08 08:45:47.724980
38c08bc3-6100-4d98-8549-cec5ddcef1f4,331c054c-ceb6-4837-8e05-e86e1bf8a796,1334cf5c-8e7f-4ed3-9711-5972566665bc,Harassment/Griefing,2026-01-08 08:46:39.724980
89535a2d-5a1b-4eeb-ac05-d42f5eb2973c,331c054c-ceb6-4837-8e05-e86e1bf8a796,1334cf5c-8e7f-4ed3-9711-5972566665bc,Harassment/Griefing,2026-01-08 08:50:01.724980
b13eeaee-8653-4e7d-9752-d58dbd90e575,de7b5472-ff95-4ac7-ab99-53037e0d8360,1fc1ef99-0827-4c80-92ce-7c761328f4d1,Harassment/Griefing,2026-01-07 21:52:35.724980
7dabccfe-ef72-410b-bee8-e045e354a38d,de7b5472-ff95-4ac7-ab99-53037e0d8360,1fc1ef99-0827-4c80-92ce-7c761328f4d1,Harassment/Griefing,2026-01-07 21:53:56.724980
33b2c7f9-7ef1-448a-a648-5c0613c85d42,de7b5472-ff95-4ac7-ab99-53037e0d8360,1fc1ef99-0827-4c80-92ce-7c761328f4d1,Harassment/Griefing,2026-01-07 21:58:05.724980
5037d943-1e63-4df2-aeee-c2ab9b02f953,de7b5472-ff95-4ac7-ab99-53037e0d8360,1fc1ef99-0827-4c80-92ce-7c761328f4d1,Harassment/Griefing,2026-01-07 21:59:50.724980
d5578639-b7ff-4e5d-9777-ed7a2052209d,de7b5472-ff95-4ac7-ab99-53037e0d8360,1fc1ef99-0827-4c80-92ce-7c761328f4d1,Harassment/Griefing,2026-01-07 22:00:23.724980
4806ea41-9cb0-4593-b3a9-04fda3820dbc,de7b5472-ff95-4ac7-ab99-53037e0d8360,1fc1ef99-0827-4c80-92ce-7c761328f4d1,Harassment/Griefing,2026-01-07 22:00:40.724980
3008cbe7-d318-4d8c-b6f1-93be6c900d02,de7b5472-ff95-4ac7-ab99-53037e0d8360,1fc1ef99-0827-4c80-92ce-7c761328f4d1,Harassment/Griefing,2026-01-07 22:00:40.724980
907ee322-0cee-4443-83e4-ac35232c5ebd,de7b5472-ff95-4ac7-ab99-53037e0d8360,1fc1ef99-0827-4c80-92ce-7c761328f4d1,Harassment/Griefing,2026-01-07 22:01:42.724980
5b8d6c7f-6e89-4a59-bb29-0feefb807ecd,de7b5472-ff95-4ac7-ab99-53037e0d8360,1fc1ef99-0827-4c80-92ce-7c761328f4d1,Harassment/Griefing,2026-01-07 22:03:37.724980
e32343ee-1cf2-4c82-bf5d-463ada3024bd,de7b5472-ff95-4ac7-ab99-53037e0d8360,1fc1ef99-0827-4c80-92ce-7c761328f4d1,Harassment/Griefing,2026-01-07 22:06:13.724980
187ead26-3ba7-4bc3-8a73-e09c4024ff71,de7b5472-ff95-4ac7-ab99-53037e0d8360,1fc1ef99-0827-4c80-92ce-7c761328f4d1,Harassment/Griefing,2026-01-07 22:10:15.724980
8e31ebc7-e560-4aa8-8cbe-d14bfc5fee11,de7b5472-ff95-4ac7-ab99-53037e0d8360,1fc1ef99-0827-4c80-92ce-7c761328f4d1,Harassment/Griefing,2026-01-07 22:10:15.724980
7c021a06-8d76-41a2-a417-d944300cd220,de7b5472-ff95-4ac7-ab99-53037e0d8360,1fc1ef99-0827-4c80-92ce-7c761328f4d1,Harassment/Griefing,2026-01-07 22:12:03.724980
8ff85430-5647-429c-ac52-a743b1cd221d,de7b5472-ff95-4ac7-ab99-53037e0d8360,1fc1ef99-0827-4c80-92ce-7c761328f4d1,Harassment/Griefing,2026-01-07 22:13:20.724980
4592d91f-2670-4f70-bfe8-884ecfc0aaa7,de7b5472-ff95-4ac7-ab99-53037e0d8360,1fc1ef99-0827-4c80-92ce-7c761328f4d1,Harassment/Griefing,2026-01-07 22:14:46.724980
f3966f2b-ff56-4821-ac91-e8b911bc6f4b,37d35fd8-201a-4b64-9410-f847d80e1ece,bf497426-e654-4ffe-ac44-87dc75fc4de8,Harassment/Griefing,2026-01-08 02:06:26.724980
62e6c6f9-1a86-4158-8235-0b70c23dd744,37d35fd8-201a-4b64-9410-f847d80e1ece,bf497426-e654-4ffe-ac44-87dc75fc4de8,Harassment/Griefing,2026-01-08 02:07:30.724980
14c52832-47f0-4e1a-bdd8-601c1e5f955f,37d35fd8-201a-4b64-9410-f847d80e1ece,bf497426-e654-4ffe-ac44-87dc75fc4de8,Harassment/Griefing,2026-01-08 02:07:29.724980
eac222b3-6448-4762-830f-6307312a29a8,37d35fd8-201a-4b64-9410-f847d80e1ece,bf497426-e654-4ffe-ac44-87dc75fc4de8,Harassment/Griefing,2026-01-08 02:07:44.724980
b3138444-e4c9-4866-97d2-cc5845d19ed1,37d35fd8-201a-4b64-9410-f847d80e1ece,bf497426-e654-4ffe-ac44-87dc75fc4de8,Harassment/Griefing,2026-01-08 02:07:50.724980
4fb3b011-eb12-4024-b018-7d927e9d4bab,37d35fd8-201a-4b64-9410-f847d80e1ece,bf497426-e654-4ffe-ac44-87dc75fc4de8,Harassment/Griefing,2026-01-08 02:10:01.724980
9133f648-c518-40da-954e-199f02b91f98,37d35fd8-201a-4b64-9410-f847d80e1ece,bf497426-e654-4ffe-ac44-87dc75fc4de8,Harassment/Griefing,2026-01-08 02:11:56.724980
76c49eb0-2463-492a-9ace-4fda04d75019,37d35fd8-201a-4b64-9410-f847d80e1ece,bf497426-e654-4ffe-ac44-87dc75fc4de8,Harassment/Griefing,2026-01-08 02:13:35.724980
201a4b65-03fa-477b-98ad-65e5f0c863ac,37d35fd8-201a-4b64-9410-f847d80e1ece,bf497426-e654-4ffe-ac44-87dc75fc4de8,Harassment/Griefing,2026-01-08 02:16:52.724980
ac44a7a3-3d12-45c3-92c1-5652906ebbc7,37d35fd8-201a-4b64-9410-f847d80e1ece,bf497426-e654-4ffe-ac44-87dc75fc4de8,Harassment/Griefing,2026-01-08 02:18:17.724980
36f68151-4bdb-4e04-8851-3e567069e567,f868d974-37b4-4175-a43f-5f8c44431b0b,4465af31-fac7-46d2-bd97-eb4a99e3642a,Harassment/Griefing,2026-01-07 16:24:07.724980
52964b62-43e3-4246-b03d-250996b3cf80,f868d974-37b4-4175-a43f-5f8c44431b0b,4465af31-fac7-46d2-bd97-eb4a99e3642a,Harassment/Griefing,2026-01-07 16:23:59.724980
3dc32071-ee7e-4d88-91a9-3e874565f2cc,f868d974-37b4-4175-a43f-5f8c44431b0b,4465af31-fac7-46d2-bd97-eb4a99e3642a,Harassment/Griefing,2026-01-07 16:25:27.724980
518e4674-1dee-442f-af66-e6265193a9df,f868d974-37b4-4175-a43f-5f8c44431b0b,4465af31-fac7-46d2-bd97-eb4a99e3642a,Harassment/Griefing,2026-01-07 16:26:05.724980
7e99db3a-a7d7-4832-8f1a-21f522407a9c,f868d974-37b4-4175-a43f-5f8c44431b0b,4465af31-fac7-46d2-bd97-eb4a99e3642a,Harassment/Griefing,2026-01-07 16:26:23.724980
15cd5840-8034-4177-aecf-40e8b1d77f26,f868d974-37b4-4175-a43f-5f8c44431b0b,4465af31-fac7-46d2-bd97-eb4a99e3642a,Harassment/Griefing,2026-01-07 16:28:04.724980
8b9eafa8-02c0-44ce-aa94-63cdf5b6aadc,f868d974-37b4-4175-a43f-5f8c44431b0b,4465af31-fac7-46d2-bd97-eb4a99e3642a,Harassment/Griefing,2026-01-07 16:28:27.724980
3b0aa49d-7501-4f32-87e5-3893bdf6621e,f868d974-37b4-4175-a43f-5f8c44431b0b,4465af31-fac7-46d2-bd97-eb4a99e3642a,Harassment/Griefing,2026-01-07 16:29:52.724980
75d241d1-3f8d-4f8a-8a6d-bf777487cce1,f868d974-37b4-4175-a43f-5f8c44431b0b,4465af31-fac7-46d2-bd97-eb4a99e3642a,Harassment/Griefing,2026-01-07 16:32:57.724980
4c8f48b7-d429-4a1a-a665-dd3e3bc16ec9,f868d974-37b4-4175-a43f-5f8c44431b0b,4465af31-fac7-46d2-bd97-eb4a99e3642a,Harassment/Griefing,2026-01-07 16:35:49.724980
f97ec0bc-babd-4363-bb8f-724a95023e46,f868d974-37b4-4175-a43f-5f8c44431b0b,4465af31-fac7-46d2-bd97-eb4a99e3642a,Harassment/Griefing,2026-01-07 16:39:07.724980
a80f692b-2226-43d5-8157-259b674a78f2,f868d974-37b4-4175-a43f-5f8c44431b0b,4465af31-fac7-46d2-bd97-eb4a99e3642a,Harassment/Griefing,2026-01-07 16:39:28.724980
fb15ed98-bb4a-4498-aef3-e2058ee0077c,f868d974-37b4-4175-a43f-5f8c44431b0b,4465af31-fac7-46d2-bd97-eb4a99e3642a,Harassment/Griefing,2026-01-07 16:39:53.724980
d9e2678c-a427-443b-9a1d-a61928475670,f868d974-37b4-4175-a43f-5f8c44431b0b,4465af31-fac7-46d2-bd97-eb4a99e3642a,Harassment/Griefing,2026-01-07 16:40:31.724980
